number,sector,title,body
1,Water and environment,Unsafe water in small towns,"Many small towns store drinking water in overhead tanks that are checked rarely. Contamination is found only after people fall ill."
2,Water and environment,Hostel food waste,"College hostels throw away a large share of the food they cook every day because demand is hard to predict."
3,Water and environment,E-waste in student rooms,"Old phones, chargers and laptops pile up in hostels and homes with no easy, trusted way to recycle them."
4,Water and environment,Plastic at campus events,"Fests and events produce bags of single-use plastic cups and plates that end up in open dumps."
5,Water and environment,Air quality near schools,"Parents near busy roads have no way to know when the air outside their child's school is unsafe."
6,Water and environment,Leaking taps and pipes,"Housing societies lose water to leaks they only discover when the monthly bill or a shortage arrives."
7,Transport,Campus parking,"Students and staff circle the campus for parking every morning while some lots sit half empty."
8,Transport,Last-mile from the metro,"Commuters spend as long getting from the metro station to their office as on the train itself."
9,Transport,Late-night travel safety,"Students returning late from internships or events feel unsafe on shared autos and empty roads."
10,Transport,Two-wheeler breakdowns,"Riders who break down on highways wait hours for a trusted mechanic and are often overcharged."
11,Transport,Bus timings in small cities,"State buses in small cities have no live tracking, so passengers wait at stops without knowing when a bus will come."
12,Transport,Cycle theft on campus,"Students stop cycling to class because bicycles are stolen from open stands."
13,Health,Medicine reminders for the elderly,"Elderly people living alone miss doses of daily medicines, and their children in other cities cannot check."
14,Health,Clinic queues,"Patients at small clinics wait hours in crowded rooms without knowing when they will be seen."
15,Health,Student mental health,"Students under exam pressure do not seek help because counselling feels formal, slow and visible to others."
16,Health,Blood donor matching,"Hospitals in emergencies phone long lists of donors because there is no live view of who can donate."
17,Health,Fitness for desk workers,"Office workers sit for ten hours a day and give up on gym plans within a month."
18,Health,Rural pharmacy stock-outs,"Village pharmacies run out of common medicines and patients travel to the town to buy them."
19,Education,Board exam revision,"School students in small towns cannot afford coaching and revise from scattered, outdated material."
20,Education,Library seat booking,"College libraries are full during exams but many reserved seats are empty because people leave bags on them."
21,Education,Skills for first jobs,"Graduates find that employers expect practical skills their degree courses did not teach."
22,Education,Parents and school updates,"Working parents miss notices, fee dates and homework updates sent on paper or in noisy chat groups."
23,Education,Teaching in local languages,"Children who study in their home language struggle to find good learning material in it."
24,Education,Used textbooks,"Students buy new textbooks every year while seniors' books in good condition go unsold."
25,Food,Home cooks finding customers,"Skilled home cooks want to sell meals to office workers nearby but have no simple way to take orders."
26,Food,Food safety at street stalls,"Customers like street food but worry about hygiene and have no way to tell which stalls are safe."
27,Food,Farm prices for small farmers,"Small farmers sell to middlemen at low prices because they cannot reach buyers in the city directly."
28,Food,Canteen rush hour,"Campus canteens have long queues at lunch, so students skip meals or arrive late to class."
29,Food,Healthy snacks for children,"Parents want healthy snacks for children but packaged options are full of sugar and salt."
30,Food,Grocery for hostel students,"Hostel students cannot easily buy fresh fruit and basic groceries without a long trip to the market."
31,Finance and payments,Splitting shared expenses,"Flatmates and trip groups argue over who owes what for rent, bills and shared purchases."
32,Finance and payments,Credit for small shops,"Neighbourhood shops cannot get small loans because they have no formal credit history."
33,Finance and payments,Saving habits for students,"Students spend their monthly allowance in two weeks and have nothing left for emergencies."
34,Finance and payments,Fees in instalments,"Families struggle to pay college fees in one lump sum at the start of the year."
35,Finance and payments,Insurance for gig workers,"Delivery riders and drivers have no health or accident cover and lose income when they are hurt."
36,Finance and payments,Scam calls and messages,"Older people lose savings to fake bank calls and messages they cannot tell apart from real ones."
37,Housing,Finding a PG near college,"Students moving to a new city cannot trust online listings for paying-guest rooms and flats."
38,Housing,Maintenance requests,"Tenants report broken fans and leaks to landlords who forget or delay repairs for weeks."
39,Housing,Roommate matching,"Students sharing rooms with strangers face clashes over sleep, cleanliness and noise."
40,Housing,Security deposits,"Tenants lose part of their deposit in disputes about damage when they move out."
41,Housing,Society notices and dues,"Residents' associations collect dues and share notices through paper slips and missed messages."
42,Housing,Home repairs you can trust,"Families cannot find a reliable electrician or plumber quickly and are overcharged in emergencies."
43,Retail and commerce,Local artisans online,"Craftspeople sell beautiful handmade goods at local fairs but cannot reach buyers in other cities."
44,Retail and commerce,Returns for small sellers,"Small online sellers lose money on returns they cannot inspect or resell."
45,Retail and commerce,Second-hand clothing,"Good clothes are thrown away while many people would buy them second-hand if they trusted the quality."
46,Retail and commerce,Rural shop restocking,"Village shopkeepers close for a day every week to travel to the wholesale market for stock."
47,Retail and commerce,Event merchandise,"College clubs order event T-shirts and merchandise late and overpay for small batches."
48,Retail and commerce,Queue at the photocopy shop,"Before exams, students wait an hour at the campus photocopy and print shop."
49,Energy,Power cuts for small businesses,"Shops and clinics lose income during power cuts because generators are expensive to run."
50,Energy,Rooftop solar for homes,"Families want rooftop solar but do not trust installers or understand the savings."
51,Energy,Electricity bills in hostels,"Hostels pay large electricity bills because fans, lights and ACs are left on in empty rooms."
52,Energy,Cooking fuel in villages,"Households in villages still cook on wood fires that fill homes with smoke."
53,Energy,EV charging points,"Electric scooter owners worry about running out of charge because public charging points are rare."
54,Energy,Cold storage for farmers,"Farmers lose fruit and vegetables after harvest because there is no affordable cold storage nearby."
55,Community and safety,Lost and found on campus,"Students lose ID cards, keys and bottles on campus and rarely get them back."
56,Community and safety,Volunteering made easy,"Students want to volunteer but do not know which local organisations need help and when."
57,Community and safety,Stray animal care,"Neighbourhoods argue about stray animals that need feeding, vaccination and medical care."
58,Community and safety,Reporting broken streetlights,"Broken streetlights and potholes are reported again and again but stay unfixed for months."
59,Community and safety,Senior citizens' loneliness,"Older people in cities spend most days alone and have few chances to meet others."
60,Community and safety,Emergency contacts for travellers,"Students travelling alone for internships have no quick way to alert family when something goes wrong."
